<annotation>
	<folder>images22</folder>
	<filename>1-22-_png_jpg.rf.9cecf846f9f788f720702e67751a7ff0.jpg</filename>
	<path>C:\Users\REKHA\Desktop\arun\images22\1-22-_png_jpg.rf.9cecf846f9f788f720702e67751a7ff0.jpg</path>
	<source>
		<database>Unknown</database>
	</source>
	<size>
		<width>640</width>
		<height>640</height>
		<depth>3</depth>
	</size>
	<segmented>0</segmented>
	<object>
		<name>tank</name>
		<pose>Unspecified</pose>
		<truncated>0</truncated>
		<difficult>0</difficult>
		<bndbox>
			<xmin>52</xmin>
			<ymin>19</ymin>
			<xmax>570</xmax>
			<ymax>360</ymax>
		</bndbox>
	</object>
</annotation>
