<annotation>
	<folder>images22</folder>
	<filename>1-22-_png_jpg.rf.be021d4db627242060f13039d8ba8191.jpg</filename>
	<path>C:\Users\REKHA\Desktop\arun\images22\1-22-_png_jpg.rf.be021d4db627242060f13039d8ba8191.jpg</path>
	<source>
		<database>Unknown</database>
	</source>
	<size>
		<width>640</width>
		<height>640</height>
		<depth>3</depth>
	</size>
	<segmented>0</segmented>
	<object>
		<name>tank</name>
		<pose>Unspecified</pose>
		<truncated>0</truncated>
		<difficult>0</difficult>
		<bndbox>
			<xmin>49</xmin>
			<ymin>21</ymin>
			<xmax>612</xmax>
			<ymax>373</ymax>
		</bndbox>
	</object>
</annotation>
