<annotation>
	<folder>images22</folder>
	<filename>1-22-_png_jpg.rf.eecc6af70fa59ff664ac2d72262c30a2.jpg</filename>
	<path>C:\Users\REKHA\Desktop\arun\images22\1-22-_png_jpg.rf.eecc6af70fa59ff664ac2d72262c30a2.jpg</path>
	<source>
		<database>Unknown</database>
	</source>
	<size>
		<width>640</width>
		<height>640</height>
		<depth>3</depth>
	</size>
	<segmented>0</segmented>
	<object>
		<name>tank</name>
		<pose>Unspecified</pose>
		<truncated>0</truncated>
		<difficult>0</difficult>
		<bndbox>
			<xmin>16</xmin>
			<ymin>23</ymin>
			<xmax>619</xmax>
			<ymax>375</ymax>
		</bndbox>
	</object>
</annotation>
