<annotation>
	<folder>images22</folder>
	<filename>1-24-_png_jpg.rf.3c3942996b7d7317bbf9aaac02c70e92.jpg</filename>
	<path>C:\Users\REKHA\Desktop\arun\images22\1-24-_png_jpg.rf.3c3942996b7d7317bbf9aaac02c70e92.jpg</path>
	<source>
		<database>Unknown</database>
	</source>
	<size>
		<width>640</width>
		<height>640</height>
		<depth>3</depth>
	</size>
	<segmented>0</segmented>
	<object>
		<name>tank</name>
		<pose>Unspecified</pose>
		<truncated>0</truncated>
		<difficult>0</difficult>
		<bndbox>
			<xmin>66</xmin>
			<ymin>94</ymin>
			<xmax>594</xmax>
			<ymax>619</ymax>
		</bndbox>
	</object>
</annotation>
