<annotation>
	<folder>images22</folder>
	<filename>1-24-_png_jpg.rf.ff88db955dfac9dae921464bfee70b7c.jpg</filename>
	<path>C:\Users\REKHA\Desktop\arun\images22\1-24-_png_jpg.rf.ff88db955dfac9dae921464bfee70b7c.jpg</path>
	<source>
		<database>Unknown</database>
	</source>
	<size>
		<width>640</width>
		<height>640</height>
		<depth>3</depth>
	</size>
	<segmented>0</segmented>
	<object>
		<name>tank</name>
		<pose>Unspecified</pose>
		<truncated>0</truncated>
		<difficult>0</difficult>
		<bndbox>
			<xmin>64</xmin>
			<ymin>172</ymin>
			<xmax>607</xmax>
			<ymax>631</ymax>
		</bndbox>
	</object>
</annotation>
