<annotation>
	<folder>images22</folder>
	<filename>1-24-_png_jpg.rf.45694e56e912a5f63d07eabc541f978f.jpg</filename>
	<path>C:\Users\REKHA\Desktop\arun\images22\1-24-_png_jpg.rf.45694e56e912a5f63d07eabc541f978f.jpg</path>
	<source>
		<database>Unknown</database>
	</source>
	<size>
		<width>640</width>
		<height>640</height>
		<depth>3</depth>
	</size>
	<segmented>0</segmented>
	<object>
		<name>tank</name>
		<pose>Unspecified</pose>
		<truncated>0</truncated>
		<difficult>0</difficult>
		<bndbox>
			<xmin>82</xmin>
			<ymin>128</ymin>
			<xmax>627</xmax>
			<ymax>631</ymax>
		</bndbox>
	</object>
</annotation>
