<annotation>
	<folder>images22</folder>
	<filename>1-25-_png_jpg.rf.4c08b30b46151e741fbe377eba8588d1.jpg</filename>
	<path>C:\Users\REKHA\Desktop\arun\images22\1-25-_png_jpg.rf.4c08b30b46151e741fbe377eba8588d1.jpg</path>
	<source>
		<database>Unknown</database>
	</source>
	<size>
		<width>640</width>
		<height>640</height>
		<depth>3</depth>
	</size>
	<segmented>0</segmented>
	<object>
		<name>tank</name>
		<pose>Unspecified</pose>
		<truncated>0</truncated>
		<difficult>0</difficult>
		<bndbox>
			<xmin>44</xmin>
			<ymin>19</ymin>
			<xmax>590</xmax>
			<ymax>624</ymax>
		</bndbox>
	</object>
</annotation>
