<annotation>
	<folder>images22</folder>
	<filename>1-25-_png_jpg.rf.5e7ffc743822c52690ac00bae868f2eb.jpg</filename>
	<path>C:\Users\REKHA\Desktop\arun\images22\1-25-_png_jpg.rf.5e7ffc743822c52690ac00bae868f2eb.jpg</path>
	<source>
		<database>Unknown</database>
	</source>
	<size>
		<width>640</width>
		<height>640</height>
		<depth>3</depth>
	</size>
	<segmented>0</segmented>
	<object>
		<name>tank</name>
		<pose>Unspecified</pose>
		<truncated>0</truncated>
		<difficult>0</difficult>
		<bndbox>
			<xmin>54</xmin>
			<ymin>6</ymin>
			<xmax>587</xmax>
			<ymax>601</ymax>
		</bndbox>
	</object>
</annotation>
