<annotation>
	<folder>images22</folder>
	<filename>1-25-_png_jpg.rf.3cf9047bdc9550f37e043b811d82542c.jpg</filename>
	<path>C:\Users\REKHA\Desktop\arun\images22\1-25-_png_jpg.rf.3cf9047bdc9550f37e043b811d82542c.jpg</path>
	<source>
		<database>Unknown</database>
	</source>
	<size>
		<width>640</width>
		<height>640</height>
		<depth>3</depth>
	</size>
	<segmented>0</segmented>
	<object>
		<name>tank</name>
		<pose>Unspecified</pose>
		<truncated>0</truncated>
		<difficult>0</difficult>
		<bndbox>
			<xmin>54</xmin>
			<ymin>10</ymin>
			<xmax>625</xmax>
			<ymax>589</ymax>
		</bndbox>
	</object>
</annotation>
