<annotation>
	<folder>images22</folder>
	<filename>1-26-_png_jpg.rf.c11a376a79a955449c4787761a0bc1ac.jpg</filename>
	<path>C:\Users\REKHA\Desktop\arun\images22\1-26-_png_jpg.rf.c11a376a79a955449c4787761a0bc1ac.jpg</path>
	<source>
		<database>Unknown</database>
	</source>
	<size>
		<width>640</width>
		<height>640</height>
		<depth>3</depth>
	</size>
	<segmented>0</segmented>
	<object>
		<name>tank</name>
		<pose>Unspecified</pose>
		<truncated>0</truncated>
		<difficult>0</difficult>
		<bndbox>
			<xmin>39</xmin>
			<ymin>98</ymin>
			<xmax>589</xmax>
			<ymax>590</ymax>
		</bndbox>
	</object>
</annotation>
