<annotation>
	<folder>images22</folder>
	<filename>1-26-_png_jpg.rf.82ccd081d7b84a6c1f6385e1f875d8b1.jpg</filename>
	<path>C:\Users\REKHA\Desktop\arun\images22\1-26-_png_jpg.rf.82ccd081d7b84a6c1f6385e1f875d8b1.jpg</path>
	<source>
		<database>Unknown</database>
	</source>
	<size>
		<width>640</width>
		<height>640</height>
		<depth>3</depth>
	</size>
	<segmented>0</segmented>
	<object>
		<name>tank</name>
		<pose>Unspecified</pose>
		<truncated>0</truncated>
		<difficult>0</difficult>
		<bndbox>
			<xmin>34</xmin>
			<ymin>58</ymin>
			<xmax>599</xmax>
			<ymax>601</ymax>
		</bndbox>
	</object>
</annotation>
