<annotation>
	<folder>images22</folder>
	<filename>1-26-_png_jpg.rf.8a15f83f51dd5a7d34a5eaa4b7096275.jpg</filename>
	<path>C:\Users\REKHA\Desktop\arun\images22\1-26-_png_jpg.rf.8a15f83f51dd5a7d34a5eaa4b7096275.jpg</path>
	<source>
		<database>Unknown</database>
	</source>
	<size>
		<width>640</width>
		<height>640</height>
		<depth>3</depth>
	</size>
	<segmented>0</segmented>
	<object>
		<name>tank</name>
		<pose>Unspecified</pose>
		<truncated>0</truncated>
		<difficult>0</difficult>
		<bndbox>
			<xmin>41</xmin>
			<ymin>54</ymin>
			<xmax>575</xmax>
			<ymax>613</ymax>
		</bndbox>
	</object>
</annotation>
