<annotation>
	<folder>images22</folder>
	<filename>1-30-_png_jpg.rf.e8540392aa7b56b0178cdb81a40fae56.jpg</filename>
	<path>C:\Users\REKHA\Desktop\arun\images22\1-30-_png_jpg.rf.e8540392aa7b56b0178cdb81a40fae56.jpg</path>
	<source>
		<database>Unknown</database>
	</source>
	<size>
		<width>640</width>
		<height>640</height>
		<depth>3</depth>
	</size>
	<segmented>0</segmented>
	<object>
		<name>tank</name>
		<pose>Unspecified</pose>
		<truncated>0</truncated>
		<difficult>0</difficult>
		<bndbox>
			<xmin>8</xmin>
			<ymin>135</ymin>
			<xmax>607</xmax>
			<ymax>609</ymax>
		</bndbox>
	</object>
</annotation>
