<annotation>
	<folder>images22</folder>
	<filename>1-30-_png_jpg.rf.2774ef0c82d084560de954f82f29c6af.jpg</filename>
	<path>C:\Users\REKHA\Desktop\arun\images22\1-30-_png_jpg.rf.2774ef0c82d084560de954f82f29c6af.jpg</path>
	<source>
		<database>Unknown</database>
	</source>
	<size>
		<width>640</width>
		<height>640</height>
		<depth>3</depth>
	</size>
	<segmented>0</segmented>
	<object>
		<name>tank</name>
		<pose>Unspecified</pose>
		<truncated>0</truncated>
		<difficult>0</difficult>
		<bndbox>
			<xmin>51</xmin>
			<ymin>113</ymin>
			<xmax>589</xmax>
			<ymax>608</ymax>
		</bndbox>
	</object>
</annotation>
