<annotation>
	<folder>images22</folder>
	<filename>1-30-_png_jpg.rf.1c02c0af7d4ee195ae5f8c6a2d87ccb9.jpg</filename>
	<path>C:\Users\REKHA\Desktop\arun\images22\1-30-_png_jpg.rf.1c02c0af7d4ee195ae5f8c6a2d87ccb9.jpg</path>
	<source>
		<database>Unknown</database>
	</source>
	<size>
		<width>640</width>
		<height>640</height>
		<depth>3</depth>
	</size>
	<segmented>0</segmented>
	<object>
		<name>tank</name>
		<pose>Unspecified</pose>
		<truncated>0</truncated>
		<difficult>0</difficult>
		<bndbox>
			<xmin>62</xmin>
			<ymin>71</ymin>
			<xmax>599</xmax>
			<ymax>598</ymax>
		</bndbox>
	</object>
</annotation>
