<annotation>
	<folder>images22</folder>
	<filename>1-32-_png_jpg.rf.9c717c8b0b9f6683235542816128630f.jpg</filename>
	<path>C:\Users\REKHA\Desktop\arun\images22\1-32-_png_jpg.rf.9c717c8b0b9f6683235542816128630f.jpg</path>
	<source>
		<database>Unknown</database>
	</source>
	<size>
		<width>640</width>
		<height>640</height>
		<depth>3</depth>
	</size>
	<segmented>0</segmented>
	<object>
		<name>tank</name>
		<pose>Unspecified</pose>
		<truncated>1</truncated>
		<difficult>0</difficult>
		<bndbox>
			<xmin>1</xmin>
			<ymin>96</ymin>
			<xmax>632</xmax>
			<ymax>614</ymax>
		</bndbox>
	</object>
</annotation>
