<annotation>
	<folder>images22</folder>
	<filename>1-32-_png_jpg.rf.b1eea50f31cbb8d08c57e301e097f343.jpg</filename>
	<path>C:\Users\REKHA\Desktop\arun\images22\1-32-_png_jpg.rf.b1eea50f31cbb8d08c57e301e097f343.jpg</path>
	<source>
		<database>Unknown</database>
	</source>
	<size>
		<width>640</width>
		<height>640</height>
		<depth>3</depth>
	</size>
	<segmented>0</segmented>
	<object>
		<name>tank</name>
		<pose>Unspecified</pose>
		<truncated>1</truncated>
		<difficult>0</difficult>
		<bndbox>
			<xmin>1</xmin>
			<ymin>103</ymin>
			<xmax>632</xmax>
			<ymax>612</ymax>
		</bndbox>
	</object>
</annotation>
