<annotation>
	<folder>images22</folder>
	<filename>1-32-_png_jpg.rf.ed5687e3159f27b045aa13e6265a5297.jpg</filename>
	<path>C:\Users\REKHA\Desktop\arun\images22\1-32-_png_jpg.rf.ed5687e3159f27b045aa13e6265a5297.jpg</path>
	<source>
		<database>Unknown</database>
	</source>
	<size>
		<width>640</width>
		<height>640</height>
		<depth>3</depth>
	</size>
	<segmented>0</segmented>
	<object>
		<name>tank</name>
		<pose>Unspecified</pose>
		<truncated>0</truncated>
		<difficult>0</difficult>
		<bndbox>
			<xmin>19</xmin>
			<ymin>68</ymin>
			<xmax>618</xmax>
			<ymax>613</ymax>
		</bndbox>
	</object>
</annotation>
