<annotation>
	<folder>images22</folder>
	<filename>1-35-_png_jpg.rf.9f1a1016f3717cdcf65e4e07186adc7c.jpg</filename>
	<path>C:\Users\REKHA\Desktop\arun\images22\1-35-_png_jpg.rf.9f1a1016f3717cdcf65e4e07186adc7c.jpg</path>
	<source>
		<database>Unknown</database>
	</source>
	<size>
		<width>640</width>
		<height>640</height>
		<depth>3</depth>
	</size>
	<segmented>0</segmented>
	<object>
		<name>tank</name>
		<pose>Unspecified</pose>
		<truncated>0</truncated>
		<difficult>0</difficult>
		<bndbox>
			<xmin>74</xmin>
			<ymin>36</ymin>
			<xmax>514</xmax>
			<ymax>442</ymax>
		</bndbox>
	</object>
</annotation>
