<annotation>
	<folder>images22</folder>
	<filename>1-35-_png_jpg.rf.3557563b85ff7de1479d3931aac89976.jpg</filename>
	<path>C:\Users\REKHA\Desktop\arun\images22\1-35-_png_jpg.rf.3557563b85ff7de1479d3931aac89976.jpg</path>
	<source>
		<database>Unknown</database>
	</source>
	<size>
		<width>640</width>
		<height>640</height>
		<depth>3</depth>
	</size>
	<segmented>0</segmented>
	<object>
		<name>tank</name>
		<pose>Unspecified</pose>
		<truncated>0</truncated>
		<difficult>0</difficult>
		<bndbox>
			<xmin>28</xmin>
			<ymin>65</ymin>
			<xmax>508</xmax>
			<ymax>461</ymax>
		</bndbox>
	</object>
</annotation>
