<annotation>
	<folder>images22</folder>
	<filename>1-35-_png_jpg.rf.fa2b91ca2cc7f980fbaa7c061082e6ea.jpg</filename>
	<path>C:\Users\REKHA\Desktop\arun\images22\1-35-_png_jpg.rf.fa2b91ca2cc7f980fbaa7c061082e6ea.jpg</path>
	<source>
		<database>Unknown</database>
	</source>
	<size>
		<width>640</width>
		<height>640</height>
		<depth>3</depth>
	</size>
	<segmented>0</segmented>
	<object>
		<name>tank</name>
		<pose>Unspecified</pose>
		<truncated>0</truncated>
		<difficult>0</difficult>
		<bndbox>
			<xmin>48</xmin>
			<ymin>52</ymin>
			<xmax>467</xmax>
			<ymax>475</ymax>
		</bndbox>
	</object>
</annotation>
