<annotation>
	<folder>images22</folder>
	<filename>1-turret-1024x836_jpg.rf.6169a11dea5f6fe5ebd10ba19b150540.jpg</filename>
	<path>C:\Users\REKHA\Desktop\arun\images22\1-turret-1024x836_jpg.rf.6169a11dea5f6fe5ebd10ba19b150540.jpg</path>
	<source>
		<database>Unknown</database>
	</source>
	<size>
		<width>1024</width>
		<height>836</height>
		<depth>3</depth>
	</size>
	<segmented>0</segmented>
	<object>
		<name>tank</name>
		<pose>Unspecified</pose>
		<truncated>1</truncated>
		<difficult>0</difficult>
		<bndbox>
			<xmin>31</xmin>
			<ymin>16</ymin>
			<xmax>1024</xmax>
			<ymax>829</ymax>
		</bndbox>
	</object>
</annotation>
