<annotation>
	<folder>images22</folder>
	<filename>1-turret-1024x836_jpg.rf.40c75a3424b417ae72b2fac838d5486e.jpg</filename>
	<path>C:\Users\REKHA\Desktop\arun\images22\1-turret-1024x836_jpg.rf.40c75a3424b417ae72b2fac838d5486e.jpg</path>
	<source>
		<database>Unknown</database>
	</source>
	<size>
		<width>640</width>
		<height>640</height>
		<depth>3</depth>
	</size>
	<segmented>0</segmented>
	<object>
		<name>tank</name>
		<pose>Unspecified</pose>
		<truncated>1</truncated>
		<difficult>0</difficult>
		<bndbox>
			<xmin>13</xmin>
			<ymin>23</ymin>
			<xmax>639</xmax>
			<ymax>640</ymax>
		</bndbox>
	</object>
</annotation>
