<annotation>
	<folder>images33</folder>
	<filename>102-1549-_jpg.rf.70a1bb0c7f4c3763c639b6fb0c2f5610.jpg</filename>
	<path>C:\Users\REKHA\Desktop\arun\images33\102-1549-_jpg.rf.70a1bb0c7f4c3763c639b6fb0c2f5610.jpg</path>
	<source>
		<database>Unknown</database>
	</source>
	<size>
		<width>640</width>
		<height>640</height>
		<depth>3</depth>
	</size>
	<segmented>0</segmented>
	<object>
		<name>tank</name>
		<pose>Unspecified</pose>
		<truncated>0</truncated>
		<difficult>0</difficult>
		<bndbox>
			<xmin>146</xmin>
			<ymin>13</ymin>
			<xmax>632</xmax>
			<ymax>550</ymax>
		</bndbox>
	</object>
</annotation>
