<annotation>
	<folder>images33</folder>
	<filename>102-1547-_jpg.rf.17f89b029fd1d15ce022a16deb1b0bbe.jpg</filename>
	<path>C:\Users\REKHA\Desktop\arun\images33\102-1547-_jpg.rf.17f89b029fd1d15ce022a16deb1b0bbe.jpg</path>
	<source>
		<database>Unknown</database>
	</source>
	<size>
		<width>640</width>
		<height>640</height>
		<depth>3</depth>
	</size>
	<segmented>0</segmented>
	<object>
		<name>tank</name>
		<pose>Unspecified</pose>
		<truncated>0</truncated>
		<difficult>0</difficult>
		<bndbox>
			<xmin>93</xmin>
			<ymin>124</ymin>
			<xmax>598</xmax>
			<ymax>594</ymax>
		</bndbox>
	</object>
</annotation>
