<annotation>
	<folder>images33</folder>
	<filename>102-1527-_jpg.rf.9f9d7321bc11cf180d7e658dab7dda9f.jpg</filename>
	<path>C:\Users\REKHA\Desktop\arun\images33\102-1527-_jpg.rf.9f9d7321bc11cf180d7e658dab7dda9f.jpg</path>
	<source>
		<database>Unknown</database>
	</source>
	<size>
		<width>640</width>
		<height>640</height>
		<depth>3</depth>
	</size>
	<segmented>0</segmented>
	<object>
		<name>tank</name>
		<pose>Unspecified</pose>
		<truncated>0</truncated>
		<difficult>1</difficult>
		<bndbox>
			<xmin>39</xmin>
			<ymin>154</ymin>
			<xmax>620</xmax>
			<ymax>475</ymax>
		</bndbox>
	</object>
</annotation>
