<annotation>
	<folder>images33</folder>
	<filename>102-1547-_jpg.rf.b9ad68820e531a3f6c2d521a2dda8f1c.jpg</filename>
	<path>C:\Users\REKHA\Desktop\arun\images33\102-1547-_jpg.rf.b9ad68820e531a3f6c2d521a2dda8f1c.jpg</path>
	<source>
		<database>Unknown</database>
	</source>
	<size>
		<width>640</width>
		<height>640</height>
		<depth>3</depth>
	</size>
	<segmented>0</segmented>
	<object>
		<name>tank</name>
		<pose>Unspecified</pose>
		<truncated>0</truncated>
		<difficult>0</difficult>
		<bndbox>
			<xmin>120</xmin>
			<ymin>67</ymin>
			<xmax>572</xmax>
			<ymax>542</ymax>
		</bndbox>
	</object>
</annotation>
