<annotation>
	<folder>images33</folder>
	<filename>102-1543-_jpg.rf.eaad41c890255f43bd3db85fb492d4fd.jpg</filename>
	<path>C:\Users\REKHA\Desktop\arun\images33\102-1543-_jpg.rf.eaad41c890255f43bd3db85fb492d4fd.jpg</path>
	<source>
		<database>Unknown</database>
	</source>
	<size>
		<width>640</width>
		<height>640</height>
		<depth>3</depth>
	</size>
	<segmented>0</segmented>
	<object>
		<name>tank</name>
		<pose>Unspecified</pose>
		<truncated>1</truncated>
		<difficult>0</difficult>
		<bndbox>
			<xmin>145</xmin>
			<ymin>138</ymin>
			<xmax>640</xmax>
			<ymax>547</ymax>
		</bndbox>
	</object>
</annotation>
