<annotation>
	<folder>images33</folder>
	<filename>102-1553-_jpg.rf.a6fa264c321c0a036f11001ef9637919.jpg</filename>
	<path>C:\Users\REKHA\Desktop\arun\images33\102-1553-_jpg.rf.a6fa264c321c0a036f11001ef9637919.jpg</path>
	<source>
		<database>Unknown</database>
	</source>
	<size>
		<width>640</width>
		<height>640</height>
		<depth>3</depth>
	</size>
	<segmented>0</segmented>
	<object>
		<name>tank</name>
		<pose>Unspecified</pose>
		<truncated>0</truncated>
		<difficult>0</difficult>
		<bndbox>
			<xmin>64</xmin>
			<ymin>144</ymin>
			<xmax>535</xmax>
			<ymax>519</ymax>
		</bndbox>
	</object>
</annotation>
