<annotation>
	<folder>images33</folder>
	<filename>102-1543-_jpg.rf.d9105926ae091dddab9bd8ccc2da8e38.jpg</filename>
	<path>C:\Users\REKHA\Desktop\arun\images33\102-1543-_jpg.rf.d9105926ae091dddab9bd8ccc2da8e38.jpg</path>
	<source>
		<database>Unknown</database>
	</source>
	<size>
		<width>640</width>
		<height>640</height>
		<depth>3</depth>
	</size>
	<segmented>0</segmented>
	<object>
		<name>tank</name>
		<pose>Unspecified</pose>
		<truncated>0</truncated>
		<difficult>0</difficult>
		<bndbox>
			<xmin>137</xmin>
			<ymin>65</ymin>
			<xmax>624</xmax>
			<ymax>508</ymax>
		</bndbox>
	</object>
</annotation>
