<annotation>
	<folder>images33</folder>
	<filename>102-1549-_jpg.rf.767c30cff4fc755b88a84ce8f57868fa.jpg</filename>
	<path>C:\Users\REKHA\Desktop\arun\images33\102-1549-_jpg.rf.767c30cff4fc755b88a84ce8f57868fa.jpg</path>
	<source>
		<database>Unknown</database>
	</source>
	<size>
		<width>640</width>
		<height>640</height>
		<depth>3</depth>
	</size>
	<segmented>0</segmented>
	<object>
		<name>tank</name>
		<pose>Unspecified</pose>
		<truncated>1</truncated>
		<difficult>0</difficult>
		<bndbox>
			<xmin>132</xmin>
			<ymin>6</ymin>
			<xmax>640</xmax>
			<ymax>557</ymax>
		</bndbox>
	</object>
</annotation>
