<annotation>
	<folder>images33</folder>
	<filename>102-1527-_jpg.rf.735b6c31ddf8e1f1f1e9174753dfd250.jpg</filename>
	<path>C:\Users\REKHA\Desktop\arun\images33\102-1527-_jpg.rf.735b6c31ddf8e1f1f1e9174753dfd250.jpg</path>
	<source>
		<database>Unknown</database>
	</source>
	<size>
		<width>640</width>
		<height>640</height>
		<depth>3</depth>
	</size>
	<segmented>0</segmented>
	<object>
		<name>tank</name>
		<pose>Unspecified</pose>
		<truncated>0</truncated>
		<difficult>0</difficult>
		<bndbox>
			<xmin>74</xmin>
			<ymin>150</ymin>
			<xmax>609</xmax>
			<ymax>444</ymax>
		</bndbox>
	</object>
</annotation>
