<annotation>
	<folder>images33</folder>
	<filename>102-1549-_jpg.rf.1b53d209817ac58e4ccf9fd5d74d9898.jpg</filename>
	<path>C:\Users\REKHA\Desktop\arun\images33\102-1549-_jpg.rf.1b53d209817ac58e4ccf9fd5d74d9898.jpg</path>
	<source>
		<database>Unknown</database>
	</source>
	<size>
		<width>640</width>
		<height>640</height>
		<depth>3</depth>
	</size>
	<segmented>0</segmented>
	<object>
		<name>tank</name>
		<pose>Unspecified</pose>
		<truncated>0</truncated>
		<difficult>0</difficult>
		<bndbox>
			<xmin>122</xmin>
			<ymin>27</ymin>
			<xmax>603</xmax>
			<ymax>512</ymax>
		</bndbox>
	</object>
</annotation>
