<annotation>
	<folder>images33</folder>
	<filename>102-1551-_jpg.rf.f3556f1e04e9f0640094a93e1a2bd046.jpg</filename>
	<path>C:\Users\REKHA\Desktop\arun\images33\102-1551-_jpg.rf.f3556f1e04e9f0640094a93e1a2bd046.jpg</path>
	<source>
		<database>Unknown</database>
	</source>
	<size>
		<width>640</width>
		<height>640</height>
		<depth>3</depth>
	</size>
	<segmented>0</segmented>
	<object>
		<name>tank</name>
		<pose>Unspecified</pose>
		<truncated>0</truncated>
		<difficult>0</difficult>
		<bndbox>
			<xmin>47</xmin>
			<ymin>21</ymin>
			<xmax>593</xmax>
			<ymax>594</ymax>
		</bndbox>
	</object>
</annotation>
