<annotation>
	<folder>images33</folder>
	<filename>102-1551-_jpg.rf.31b75ee4c9ebcb73e078354bbbe497e2.jpg</filename>
	<path>C:\Users\REKHA\Desktop\arun\images33\102-1551-_jpg.rf.31b75ee4c9ebcb73e078354bbbe497e2.jpg</path>
	<source>
		<database>Unknown</database>
	</source>
	<size>
		<width>640</width>
		<height>640</height>
		<depth>3</depth>
	</size>
	<segmented>0</segmented>
	<object>
		<name>tank</name>
		<pose>Unspecified</pose>
		<truncated>0</truncated>
		<difficult>0</difficult>
		<bndbox>
			<xmin>32</xmin>
			<ymin>19</ymin>
			<xmax>562</xmax>
			<ymax>600</ymax>
		</bndbox>
	</object>
</annotation>
