<annotation>
	<folder>images33</folder>
	<filename>102-1553-_jpg.rf.caa790385737f80eb2b1c93236857c1c.jpg</filename>
	<path>C:\Users\REKHA\Desktop\arun\images33\102-1553-_jpg.rf.caa790385737f80eb2b1c93236857c1c.jpg</path>
	<source>
		<database>Unknown</database>
	</source>
	<size>
		<width>640</width>
		<height>640</height>
		<depth>3</depth>
	</size>
	<segmented>0</segmented>
	<object>
		<name>tank</name>
		<pose>Unspecified</pose>
		<truncated>0</truncated>
		<difficult>0</difficult>
		<bndbox>
			<xmin>51</xmin>
			<ymin>113</ymin>
			<xmax>585</xmax>
			<ymax>517</ymax>
		</bndbox>
	</object>
</annotation>
