<annotation>
	<folder>images33</folder>
	<filename>102-1547-_jpg.rf.d2085c13fca47dbee8eb14427ae47745.jpg</filename>
	<path>C:\Users\REKHA\Desktop\arun\images33\102-1547-_jpg.rf.d2085c13fca47dbee8eb14427ae47745.jpg</path>
	<source>
		<database>Unknown</database>
	</source>
	<size>
		<width>640</width>
		<height>640</height>
		<depth>3</depth>
	</size>
	<segmented>0</segmented>
	<object>
		<name>tank</name>
		<pose>Unspecified</pose>
		<truncated>0</truncated>
		<difficult>0</difficult>
		<bndbox>
			<xmin>122</xmin>
			<ymin>26</ymin>
			<xmax>534</xmax>
			<ymax>556</ymax>
		</bndbox>
	</object>
</annotation>
