<annotation>
	<folder>images33</folder>
	<filename>102-1553-_jpg.rf.5928af372d44c60b56d338eb8fe4c60e.jpg</filename>
	<path>C:\Users\REKHA\Desktop\arun\images33\102-1553-_jpg.rf.5928af372d44c60b56d338eb8fe4c60e.jpg</path>
	<source>
		<database>Unknown</database>
	</source>
	<size>
		<width>640</width>
		<height>640</height>
		<depth>3</depth>
	</size>
	<segmented>0</segmented>
	<object>
		<name>tank</name>
		<pose>Unspecified</pose>
		<truncated>0</truncated>
		<difficult>0</difficult>
		<bndbox>
			<xmin>81</xmin>
			<ymin>127</ymin>
			<xmax>577</xmax>
			<ymax>483</ymax>
		</bndbox>
	</object>
</annotation>
