<annotation>
	<folder>images33</folder>
	<filename>102-1547-_jpg.rf.8afb605d699fd97707e8c228d7714a58.jpg</filename>
	<path>C:\Users\REKHA\Desktop\arun\images33\102-1547-_jpg.rf.8afb605d699fd97707e8c228d7714a58.jpg</path>
	<source>
		<database>Unknown</database>
	</source>
	<size>
		<width>640</width>
		<height>640</height>
		<depth>3</depth>
	</size>
	<segmented>0</segmented>
	<object>
		<name>tank</name>
		<pose>Unspecified</pose>
		<truncated>0</truncated>
		<difficult>0</difficult>
		<bndbox>
			<xmin>76</xmin>
			<ymin>133</ymin>
			<xmax>586</xmax>
			<ymax>613</ymax>
		</bndbox>
	</object>
</annotation>
