<annotation>
	<folder>images33</folder>
	<filename>102-1547-_jpg.rf.56639100144681d8db3be3d95824689e.jpg</filename>
	<path>C:\Users\REKHA\Desktop\arun\images33\102-1547-_jpg.rf.56639100144681d8db3be3d95824689e.jpg</path>
	<source>
		<database>Unknown</database>
	</source>
	<size>
		<width>640</width>
		<height>640</height>
		<depth>3</depth>
	</size>
	<segmented>0</segmented>
	<object>
		<name>tank</name>
		<pose>Unspecified</pose>
		<truncated>0</truncated>
		<difficult>0</difficult>
		<bndbox>
			<xmin>99</xmin>
			<ymin>116</ymin>
			<xmax>520</xmax>
			<ymax>611</ymax>
		</bndbox>
	</object>
</annotation>
