<annotation>
	<folder>images33</folder>
	<filename>102-1553-_jpg.rf.4aee28ce1a76db54408927b5e8b1c8c7.jpg</filename>
	<path>C:\Users\REKHA\Desktop\arun\images33\102-1553-_jpg.rf.4aee28ce1a76db54408927b5e8b1c8c7.jpg</path>
	<source>
		<database>Unknown</database>
	</source>
	<size>
		<width>640</width>
		<height>640</height>
		<depth>3</depth>
	</size>
	<segmented>0</segmented>
	<object>
		<name>tank</name>
		<pose>Unspecified</pose>
		<truncated>0</truncated>
		<difficult>0</difficult>
		<bndbox>
			<xmin>78</xmin>
			<ymin>141</ymin>
			<xmax>543</xmax>
			<ymax>533</ymax>
		</bndbox>
	</object>
</annotation>
