<annotation>
	<folder>images33</folder>
	<filename>102-1551-_jpg.rf.cfa54193d1880858a8aea2ccd8d22719.jpg</filename>
	<path>C:\Users\REKHA\Desktop\arun\images33\102-1551-_jpg.rf.cfa54193d1880858a8aea2ccd8d22719.jpg</path>
	<source>
		<database>Unknown</database>
	</source>
	<size>
		<width>640</width>
		<height>640</height>
		<depth>3</depth>
	</size>
	<segmented>0</segmented>
	<object>
		<name>tank</name>
		<pose>Unspecified</pose>
		<truncated>0</truncated>
		<difficult>0</difficult>
		<bndbox>
			<xmin>45</xmin>
			<ymin>18</ymin>
			<xmax>588</xmax>
			<ymax>616</ymax>
		</bndbox>
	</object>
</annotation>
