<annotation>
	<folder>images33</folder>
	<filename>102-1543-_jpg.rf.84a508f2ac0f7dc12ac180ec31a99ed3.jpg</filename>
	<path>C:\Users\REKHA\Desktop\arun\images33\102-1543-_jpg.rf.84a508f2ac0f7dc12ac180ec31a99ed3.jpg</path>
	<source>
		<database>Unknown</database>
	</source>
	<size>
		<width>640</width>
		<height>640</height>
		<depth>3</depth>
	</size>
	<segmented>0</segmented>
	<object>
		<name>tank</name>
		<pose>Unspecified</pose>
		<truncated>0</truncated>
		<difficult>0</difficult>
		<bndbox>
			<xmin>148</xmin>
			<ymin>141</ymin>
			<xmax>639</xmax>
			<ymax>546</ymax>
		</bndbox>
	</object>
</annotation>
