<annotation>
	<folder>images33</folder>
	<filename>102-1553-_jpg.rf.09626f3a2ebd90d18a67b37651ce5900.jpg</filename>
	<path>C:\Users\REKHA\Desktop\arun\images33\102-1553-_jpg.rf.09626f3a2ebd90d18a67b37651ce5900.jpg</path>
	<source>
		<database>Unknown</database>
	</source>
	<size>
		<width>640</width>
		<height>640</height>
		<depth>3</depth>
	</size>
	<segmented>0</segmented>
	<object>
		<name>tank</name>
		<pose>Unspecified</pose>
		<truncated>0</truncated>
		<difficult>0</difficult>
		<bndbox>
			<xmin>110</xmin>
			<ymin>124</ymin>
			<xmax>564</xmax>
			<ymax>516</ymax>
		</bndbox>
	</object>
</annotation>
