<annotation>
	<folder>images33</folder>
	<filename>102-1547-_jpg.rf.4ff7303ccd8885705bbb4aaae30ff69e.jpg</filename>
	<path>C:\Users\REKHA\Desktop\arun\images33\102-1547-_jpg.rf.4ff7303ccd8885705bbb4aaae30ff69e.jpg</path>
	<source>
		<database>Unknown</database>
	</source>
	<size>
		<width>640</width>
		<height>640</height>
		<depth>3</depth>
	</size>
	<segmented>0</segmented>
	<object>
		<name>tank</name>
		<pose>Unspecified</pose>
		<truncated>0</truncated>
		<difficult>0</difficult>
		<bndbox>
			<xmin>119</xmin>
			<ymin>33</ymin>
			<xmax>541</xmax>
			<ymax>560</ymax>
		</bndbox>
	</object>
</annotation>
