<annotation>
	<folder>images33</folder>
	<filename>102-1543-_jpg.rf.e8df5c957961d8a756502b3def14970e.jpg</filename>
	<path>C:\Users\REKHA\Desktop\arun\images33\102-1543-_jpg.rf.e8df5c957961d8a756502b3def14970e.jpg</path>
	<source>
		<database>Unknown</database>
	</source>
	<size>
		<width>640</width>
		<height>640</height>
		<depth>3</depth>
	</size>
	<segmented>0</segmented>
	<object>
		<name>tank</name>
		<pose>Unspecified</pose>
		<truncated>1</truncated>
		<difficult>0</difficult>
		<bndbox>
			<xmin>135</xmin>
			<ymin>130</ymin>
			<xmax>640</xmax>
			<ymax>552</ymax>
		</bndbox>
	</object>
</annotation>
