<annotation>
	<folder>images33</folder>
	<filename>102-1543-_jpg.rf.834b08b0ad3b4289caeb5d489bfa2516.jpg</filename>
	<path>C:\Users\REKHA\Desktop\arun\images33\102-1543-_jpg.rf.834b08b0ad3b4289caeb5d489bfa2516.jpg</path>
	<source>
		<database>Unknown</database>
	</source>
	<size>
		<width>640</width>
		<height>640</height>
		<depth>3</depth>
	</size>
	<segmented>0</segmented>
	<object>
		<name>tank</name>
		<pose>Unspecified</pose>
		<truncated>0</truncated>
		<difficult>0</difficult>
		<bndbox>
			<xmin>133</xmin>
			<ymin>73</ymin>
			<xmax>630</xmax>
			<ymax>529</ymax>
		</bndbox>
	</object>
</annotation>
