<annotation>
	<folder>images33</folder>
	<filename>103-3-_jpg.rf.52ab9ad65c3151659d4823b2a468d8e6.jpg</filename>
	<path>C:\Users\REKHA\Desktop\arun\images33\103-3-_jpg.rf.52ab9ad65c3151659d4823b2a468d8e6.jpg</path>
	<source>
		<database>Unknown</database>
	</source>
	<size>
		<width>640</width>
		<height>640</height>
		<depth>3</depth>
	</size>
	<segmented>0</segmented>
	<object>
		<name>tank</name>
		<pose>Unspecified</pose>
		<truncated>0</truncated>
		<difficult>0</difficult>
		<bndbox>
			<xmin>20</xmin>
			<ymin>43</ymin>
			<xmax>619</xmax>
			<ymax>579</ymax>
		</bndbox>
	</object>
</annotation>
