<annotation>
	<folder>images22</folder>
	<filename>1abb95c8dca7dc5900b30134c3f0e1c2_jpg.rf.b45b87f3abc7c375255904433ed73f38.jpg</filename>
	<path>C:\Users\REKHA\Desktop\arun\images22\1abb95c8dca7dc5900b30134c3f0e1c2_jpg.rf.b45b87f3abc7c375255904433ed73f38.jpg</path>
	<source>
		<database>Unknown</database>
	</source>
	<size>
		<width>800</width>
		<height>468</height>
		<depth>1</depth>
	</size>
	<segmented>0</segmented>
	<object>
		<name>tank</name>
		<pose>Unspecified</pose>
		<truncated>0</truncated>
		<difficult>0</difficult>
		<bndbox>
			<xmin>4</xmin>
			<ymin>90</ymin>
			<xmax>797</xmax>
			<ymax>426</ymax>
		</bndbox>
	</object>
</annotation>
