<annotation>
	<folder>images22</folder>
	<filename>1abb95c8dca7dc5900b30134c3f0e1c2_jpg.rf.073ea836ea3b8068a49cf43ae4cf6f42.jpg</filename>
	<path>C:\Users\REKHA\Desktop\arun\images22\1abb95c8dca7dc5900b30134c3f0e1c2_jpg.rf.073ea836ea3b8068a49cf43ae4cf6f42.jpg</path>
	<source>
		<database>Unknown</database>
	</source>
	<size>
		<width>640</width>
		<height>640</height>
		<depth>1</depth>
	</size>
	<segmented>0</segmented>
	<object>
		<name>tank</name>
		<pose>Unspecified</pose>
		<truncated>1</truncated>
		<difficult>0</difficult>
		<bndbox>
			<xmin>7</xmin>
			<ymin>96</ymin>
			<xmax>640</xmax>
			<ymax>556</ymax>
		</bndbox>
	</object>
</annotation>
