<annotation>
	<folder>images22</folder>
	<filename>1dd71a68-1b4a-11ea-8971-922fdc94075f_image_hires_175541JPG_jpg.rf.31d35f94edb4b8ec1b335a4dd69d7fb5.jpg</filename>
	<path>C:\Users\REKHA\Desktop\arun\images22\1dd71a68-1b4a-11ea-8971-922fdc94075f_image_hires_175541JPG_jpg.rf.31d35f94edb4b8ec1b335a4dd69d7fb5.jpg</path>
	<source>
		<database>Unknown</database>
	</source>
	<size>
		<width>640</width>
		<height>640</height>
		<depth>3</depth>
	</size>
	<segmented>0</segmented>
	<object>
		<name>tank</name>
		<pose>Unspecified</pose>
		<truncated>1</truncated>
		<difficult>0</difficult>
		<bndbox>
			<xmin>1</xmin>
			<ymin>265</ymin>
			<xmax>640</xmax>
			<ymax>613</ymax>
		</bndbox>
	</object>
</annotation>
