<annotation>
	<folder>images22</folder>
	<filename>1dd71a68-1b4a-11ea-8971-922fdc94075f_image_hires_175541JPG_jpg.rf.c8c287be68c5866e13d66b093b564fe7.jpg</filename>
	<path>C:\Users\REKHA\Desktop\arun\images22\1dd71a68-1b4a-11ea-8971-922fdc94075f_image_hires_175541JPG_jpg.rf.c8c287be68c5866e13d66b093b564fe7.jpg</path>
	<source>
		<database>Unknown</database>
	</source>
	<size>
		<width>640</width>
		<height>640</height>
		<depth>3</depth>
	</size>
	<segmented>0</segmented>
	<object>
		<name>tank</name>
		<pose>Unspecified</pose>
		<truncated>1</truncated>
		<difficult>0</difficult>
		<bndbox>
			<xmin>4</xmin>
			<ymin>21</ymin>
			<xmax>640</xmax>
			<ymax>373</ymax>
		</bndbox>
	</object>
</annotation>
