<annotation>
	<folder>images22</folder>
	<filename>1dd71a68-1b4a-11ea-8971-922fdc94075f_image_hires_175541JPG_jpg.rf.04babd7a823c43d1855be9b5da443bad.jpg</filename>
	<path>C:\Users\REKHA\Desktop\arun\images22\1dd71a68-1b4a-11ea-8971-922fdc94075f_image_hires_175541JPG_jpg.rf.04babd7a823c43d1855be9b5da443bad.jpg</path>
	<source>
		<database>Unknown</database>
	</source>
	<size>
		<width>640</width>
		<height>640</height>
		<depth>3</depth>
	</size>
	<segmented>0</segmented>
	<object>
		<name>tank</name>
		<pose>Unspecified</pose>
		<truncated>1</truncated>
		<difficult>0</difficult>
		<bndbox>
			<xmin>22</xmin>
			<ymin>231</ymin>
			<xmax>640</xmax>
			<ymax>631</ymax>
		</bndbox>
	</object>
</annotation>
