<annotation>
	<folder>images22</folder>
	<filename>1l-Image_jpg.rf.6841e8c15b1a6889df21a2411c486196.jpg</filename>
	<path>C:\Users\REKHA\Desktop\arun\images22\1l-Image_jpg.rf.6841e8c15b1a6889df21a2411c486196.jpg</path>
	<source>
		<database>Unknown</database>
	</source>
	<size>
		<width>800</width>
		<height>600</height>
		<depth>3</depth>
	</size>
	<segmented>0</segmented>
	<object>
		<name>tank</name>
		<pose>Unspecified</pose>
		<truncated>1</truncated>
		<difficult>0</difficult>
		<bndbox>
			<xmin>1</xmin>
			<ymin>108</ymin>
			<xmax>798</xmax>
			<ymax>493</ymax>
		</bndbox>
	</object>
</annotation>
