<annotation>
	<folder>images22</folder>
	<filename>1l-image-102_jpg.rf.da0cebccfb59dacda76b0e9b6ba543e2.jpg</filename>
	<path>C:\Users\REKHA\Desktop\arun\images22\1l-image-102_jpg.rf.da0cebccfb59dacda76b0e9b6ba543e2.jpg</path>
	<source>
		<database>Unknown</database>
	</source>
	<size>
		<width>640</width>
		<height>640</height>
		<depth>3</depth>
	</size>
	<segmented>0</segmented>
	<object>
		<name>tank</name>
		<pose>Unspecified</pose>
		<truncated>0</truncated>
		<difficult>0</difficult>
		<bndbox>
			<xmin>26</xmin>
			<ymin>59</ymin>
			<xmax>616</xmax>
			<ymax>638</ymax>
		</bndbox>
	</object>
</annotation>
