<annotation>
	<folder>images22</folder>
	<filename>1l-Image-Abrams-M1A2-SEPV3-_jpg.rf.0309553edd792ed91c395b462937d3a4.jpg</filename>
	<path>C:\Users\REKHA\Desktop\arun\images22\1l-Image-Abrams-M1A2-SEPV3-_jpg.rf.0309553edd792ed91c395b462937d3a4.jpg</path>
	<source>
		<database>Unknown</database>
	</source>
	<size>
		<width>640</width>
		<height>640</height>
		<depth>3</depth>
	</size>
	<segmented>0</segmented>
	<object>
		<name>tank</name>
		<pose>Unspecified</pose>
		<truncated>1</truncated>
		<difficult>0</difficult>
		<bndbox>
			<xmin>9</xmin>
			<ymin>92</ymin>
			<xmax>640</xmax>
			<ymax>544</ymax>
		</bndbox>
	</object>
</annotation>
