<annotation>
	<folder>images22</folder>
	<filename>1l-Image_jpg.rf.03f47660a0ecb32c8c08c5d29ef912ea.jpg</filename>
	<path>C:\Users\REKHA\Desktop\arun\images22\1l-Image_jpg.rf.03f47660a0ecb32c8c08c5d29ef912ea.jpg</path>
	<source>
		<database>Unknown</database>
	</source>
	<size>
		<width>640</width>
		<height>640</height>
		<depth>3</depth>
	</size>
	<segmented>0</segmented>
	<object>
		<name>tank</name>
		<pose>Unspecified</pose>
		<truncated>1</truncated>
		<difficult>0</difficult>
		<bndbox>
			<xmin>1</xmin>
			<ymin>106</ymin>
			<xmax>538</xmax>
			<ymax>531</ymax>
		</bndbox>
	</object>
</annotation>
