<annotation>
	<folder>images22</folder>
	<filename>1l-image-102_jpg.rf.c02a58a487c87f265f8a4cec04de5f49.jpg</filename>
	<path>C:\Users\REKHA\Desktop\arun\images22\1l-image-102_jpg.rf.c02a58a487c87f265f8a4cec04de5f49.jpg</path>
	<source>
		<database>Unknown</database>
	</source>
	<size>
		<width>640</width>
		<height>640</height>
		<depth>3</depth>
	</size>
	<segmented>0</segmented>
	<object>
		<name>tank</name>
		<pose>Unspecified</pose>
		<truncated>1</truncated>
		<difficult>0</difficult>
		<bndbox>
			<xmin>35</xmin>
			<ymin>56</ymin>
			<xmax>640</xmax>
			<ymax>591</ymax>
		</bndbox>
	</object>
</annotation>
