<annotation>
	<folder>images22</folder>
	<filename>1l-Image_jpg.rf.3eda443b7f296266884b444f61cfe7aa.jpg</filename>
	<path>C:\Users\REKHA\Desktop\arun\images22\1l-Image_jpg.rf.3eda443b7f296266884b444f61cfe7aa.jpg</path>
	<source>
		<database>Unknown</database>
	</source>
	<size>
		<width>640</width>
		<height>640</height>
		<depth>3</depth>
	</size>
	<segmented>0</segmented>
	<object>
		<name>tank</name>
		<pose>Unspecified</pose>
		<truncated>0</truncated>
		<difficult>0</difficult>
		<bndbox>
			<xmin>5</xmin>
			<ymin>104</ymin>
			<xmax>534</xmax>
			<ymax>535</ymax>
		</bndbox>
	</object>
</annotation>
