<annotation>
	<folder>images22</folder>
	<filename>1l-Image-Abrams-M1A2-SEPV3-_jpg.rf.3119c26a2ab8525670e8a041e25cfd48.jpg</filename>
	<path>C:\Users\REKHA\Desktop\arun\images22\1l-Image-Abrams-M1A2-SEPV3-_jpg.rf.3119c26a2ab8525670e8a041e25cfd48.jpg</path>
	<source>
		<database>Unknown</database>
	</source>
	<size>
		<width>800</width>
		<height>600</height>
		<depth>3</depth>
	</size>
	<segmented>0</segmented>
	<object>
		<name>tank</name>
		<pose>Unspecified</pose>
		<truncated>1</truncated>
		<difficult>0</difficult>
		<bndbox>
			<xmin>14</xmin>
			<ymin>77</ymin>
			<xmax>800</xmax>
			<ymax>523</ymax>
		</bndbox>
	</object>
</annotation>
