<annotation>
	<folder>images22</folder>
	<filename>1l-Image_jpg.rf.69dc6c056c97b9ad3d9e811b16f4934c.jpg</filename>
	<path>C:\Users\REKHA\Desktop\arun\images22\1l-Image_jpg.rf.69dc6c056c97b9ad3d9e811b16f4934c.jpg</path>
	<source>
		<database>Unknown</database>
	</source>
	<size>
		<width>640</width>
		<height>640</height>
		<depth>3</depth>
	</size>
	<segmented>0</segmented>
	<object>
		<name>tank</name>
		<pose>Unspecified</pose>
		<truncated>1</truncated>
		<difficult>0</difficult>
		<bndbox>
			<xmin>1</xmin>
			<ymin>119</ymin>
			<xmax>542</xmax>
			<ymax>533</ymax>
		</bndbox>
	</object>
</annotation>
