<annotation>
	<folder>images22</folder>
	<filename>1l-Image-Abrams-M1A2-SEPV3-_jpg.rf.d41817eab0ec5d2d3d4197b1a2b87fa6.jpg</filename>
	<path>C:\Users\REKHA\Desktop\arun\images22\1l-Image-Abrams-M1A2-SEPV3-_jpg.rf.d41817eab0ec5d2d3d4197b1a2b87fa6.jpg</path>
	<source>
		<database>Unknown</database>
	</source>
	<size>
		<width>640</width>
		<height>640</height>
		<depth>3</depth>
	</size>
	<segmented>0</segmented>
	<object>
		<name>tank</name>
		<pose>Unspecified</pose>
		<truncated>1</truncated>
		<difficult>0</difficult>
		<bndbox>
			<xmin>15</xmin>
			<ymin>82</ymin>
			<xmax>640</xmax>
			<ymax>554</ymax>
		</bndbox>
	</object>
</annotation>
