<annotation>
	<folder>images22</folder>
	<filename>1l-image-102_jpg.rf.333b4f979140bd7b99e9ba46c13dd3a2.jpg</filename>
	<path>C:\Users\REKHA\Desktop\arun\images22\1l-image-102_jpg.rf.333b4f979140bd7b99e9ba46c13dd3a2.jpg</path>
	<source>
		<database>Unknown</database>
	</source>
	<size>
		<width>640</width>
		<height>640</height>
		<depth>3</depth>
	</size>
	<segmented>0</segmented>
	<object>
		<name>tank</name>
		<pose>Unspecified</pose>
		<truncated>0</truncated>
		<difficult>0</difficult>
		<bndbox>
			<xmin>22</xmin>
			<ymin>21</ymin>
			<xmax>630</xmax>
			<ymax>545</ymax>
		</bndbox>
	</object>
</annotation>
