<annotation>
	<folder>images22</folder>
	<filename>1l-image-102_jpg.rf.f87245b82dc469a1273d6fe9b186c7f6.jpg</filename>
	<path>C:\Users\REKHA\Desktop\arun\images22\1l-image-102_jpg.rf.f87245b82dc469a1273d6fe9b186c7f6.jpg</path>
	<source>
		<database>Unknown</database>
	</source>
	<size>
		<width>640</width>
		<height>640</height>
		<depth>3</depth>
	</size>
	<segmented>0</segmented>
	<object>
		<name>tank</name>
		<pose>Unspecified</pose>
		<truncated>0</truncated>
		<difficult>0</difficult>
		<bndbox>
			<xmin>12</xmin>
			<ymin>32</ymin>
			<xmax>630</xmax>
			<ymax>608</ymax>
		</bndbox>
	</object>
</annotation>
