<annotation>
	<folder>images22</folder>
	<filename>1l-Image-Abrams-M1A2-SEPV3-_jpg.rf.161f7b070890d1bda83ca8b5127eea65.jpg</filename>
	<path>C:\Users\REKHA\Desktop\arun\images22\1l-Image-Abrams-M1A2-SEPV3-_jpg.rf.161f7b070890d1bda83ca8b5127eea65.jpg</path>
	<source>
		<database>Unknown</database>
	</source>
	<size>
		<width>640</width>
		<height>640</height>
		<depth>3</depth>
	</size>
	<segmented>0</segmented>
	<object>
		<name>tank</name>
		<pose>Unspecified</pose>
		<truncated>0</truncated>
		<difficult>0</difficult>
		<bndbox>
			<xmin>14</xmin>
			<ymin>35</ymin>
			<xmax>629</xmax>
			<ymax>550</ymax>
		</bndbox>
	</object>
</annotation>
