<annotation>
	<folder>images22</folder>
	<filename>1l-Image_jpg.rf.c85784c24ef624fed0bd3abeb9071788.jpg</filename>
	<path>C:\Users\REKHA\Desktop\arun\images22\1l-Image_jpg.rf.c85784c24ef624fed0bd3abeb9071788.jpg</path>
	<source>
		<database>Unknown</database>
	</source>
	<size>
		<width>640</width>
		<height>640</height>
		<depth>3</depth>
	</size>
	<segmented>0</segmented>
	<object>
		<name>tank</name>
		<pose>Unspecified</pose>
		<truncated>0</truncated>
		<difficult>0</difficult>
		<bndbox>
			<xmin>3</xmin>
			<ymin>116</ymin>
			<xmax>572</xmax>
			<ymax>549</ymax>
		</bndbox>
	</object>
</annotation>
