<annotation>
	<folder>images22</folder>
	<filename>1l-image-102_jpg.rf.9a64a7f80aeab05863dc3b52bd916fba.jpg</filename>
	<path>C:\Users\REKHA\Desktop\arun\images22\1l-image-102_jpg.rf.9a64a7f80aeab05863dc3b52bd916fba.jpg</path>
	<source>
		<database>Unknown</database>
	</source>
	<size>
		<width>640</width>
		<height>640</height>
		<depth>3</depth>
	</size>
	<segmented>0</segmented>
	<object>
		<name>tank</name>
		<pose>Unspecified</pose>
		<truncated>0</truncated>
		<difficult>0</difficult>
		<bndbox>
			<xmin>11</xmin>
			<ymin>59</ymin>
			<xmax>614</xmax>
			<ymax>601</ymax>
		</bndbox>
	</object>
</annotation>
