<annotation>
	<folder>images22</folder>
	<filename>1l-image-2S35-Koalitsiya-SV_jpg.rf.cbb5a57ba57eaffc1e85cce49606dfcc.jpg</filename>
	<path>C:\Users\REKHA\Desktop\arun\images22\1l-image-2S35-Koalitsiya-SV_jpg.rf.cbb5a57ba57eaffc1e85cce49606dfcc.jpg</path>
	<source>
		<database>Unknown</database>
	</source>
	<size>
		<width>600</width>
		<height>400</height>
		<depth>3</depth>
	</size>
	<segmented>0</segmented>
	<object>
		<name>tank</name>
		<pose>Unspecified</pose>
		<truncated>1</truncated>
		<difficult>0</difficult>
		<bndbox>
			<xmin>1</xmin>
			<ymin>8</ymin>
			<xmax>600</xmax>
			<ymax>380</ymax>
		</bndbox>
	</object>
</annotation>
