<annotation>
	<folder>images22</folder>
	<filename>1l-Image-Abrams-M1A2-SEPV3-_jpg.rf.e222f32e42e0c9e5e720338404a5be31.jpg</filename>
	<path>C:\Users\REKHA\Desktop\arun\images22\1l-Image-Abrams-M1A2-SEPV3-_jpg.rf.e222f32e42e0c9e5e720338404a5be31.jpg</path>
	<source>
		<database>Unknown</database>
	</source>
	<size>
		<width>640</width>
		<height>640</height>
		<depth>3</depth>
	</size>
	<segmented>0</segmented>
	<object>
		<name>tank</name>
		<pose>Unspecified</pose>
		<truncated>0</truncated>
		<difficult>0</difficult>
		<bndbox>
			<xmin>18</xmin>
			<ymin>75</ymin>
			<xmax>630</xmax>
			<ymax>551</ymax>
		</bndbox>
	</object>
</annotation>
