<annotation>
	<folder>images22</folder>
	<filename>1l-Image_jpg.rf.2badebe25644e04ad11c2eb9cf07c9ef.jpg</filename>
	<path>C:\Users\REKHA\Desktop\arun\images22\1l-Image_jpg.rf.2badebe25644e04ad11c2eb9cf07c9ef.jpg</path>
	<source>
		<database>Unknown</database>
	</source>
	<size>
		<width>640</width>
		<height>640</height>
		<depth>3</depth>
	</size>
	<segmented>0</segmented>
	<object>
		<name>tank</name>
		<pose>Unspecified</pose>
		<truncated>0</truncated>
		<difficult>0</difficult>
		<bndbox>
			<xmin>7</xmin>
			<ymin>110</ymin>
			<xmax>523</xmax>
			<ymax>525</ymax>
		</bndbox>
	</object>
</annotation>
