<annotation>
	<folder>images22</folder>
	<filename>1l-image-102_jpg.rf.5af46a51e8197dfa80b7e7faf8bc508c.jpg</filename>
	<path>C:\Users\REKHA\Desktop\arun\images22\1l-image-102_jpg.rf.5af46a51e8197dfa80b7e7faf8bc508c.jpg</path>
	<source>
		<database>Unknown</database>
	</source>
	<size>
		<width>640</width>
		<height>640</height>
		<depth>3</depth>
	</size>
	<segmented>0</segmented>
	<object>
		<name>tank</name>
		<pose>Unspecified</pose>
		<truncated>1</truncated>
		<difficult>0</difficult>
		<bndbox>
			<xmin>9</xmin>
			<ymin>90</ymin>
			<xmax>640</xmax>
			<ymax>595</ymax>
		</bndbox>
	</object>
</annotation>
