<annotation>
	<folder>images22</folder>
	<filename>1l-image-2S35-Koalitsiya-SV_jpg.rf.db776b00f050a701f1a480e37b13d743.jpg</filename>
	<path>C:\Users\REKHA\Desktop\arun\images22\1l-image-2S35-Koalitsiya-SV_jpg.rf.db776b00f050a701f1a480e37b13d743.jpg</path>
	<source>
		<database>Unknown</database>
	</source>
	<size>
		<width>640</width>
		<height>640</height>
		<depth>3</depth>
	</size>
	<segmented>0</segmented>
	<object>
		<name>tank</name>
		<pose>Unspecified</pose>
		<truncated>1</truncated>
		<difficult>0</difficult>
		<bndbox>
			<xmin>15</xmin>
			<ymin>11</ymin>
			<xmax>640</xmax>
			<ymax>622</ymax>
		</bndbox>
	</object>
</annotation>
