<annotation>
	<folder>images22</folder>
	<filename>1l-Leopard-2-A7_jpg.rf.52decab98de5bf1a8bcf09448c31ef8a.jpg</filename>
	<path>C:\Users\REKHA\Desktop\arun\images22\1l-Leopard-2-A7_jpg.rf.52decab98de5bf1a8bcf09448c31ef8a.jpg</path>
	<source>
		<database>Unknown</database>
	</source>
	<size>
		<width>640</width>
		<height>640</height>
		<depth>3</depth>
	</size>
	<segmented>0</segmented>
	<object>
		<name>tank</name>
		<pose>Unspecified</pose>
		<truncated>0</truncated>
		<difficult>0</difficult>
		<bndbox>
			<xmin>95</xmin>
			<ymin>19</ymin>
			<xmax>631</xmax>
			<ymax>508</ymax>
		</bndbox>
	</object>
</annotation>
