<annotation>
	<folder>images22</folder>
	<filename>1l-Leopard-2-A7_jpg.rf.7c15c28f9c969be4ad99bc4dab224dd7.jpg</filename>
	<path>C:\Users\REKHA\Desktop\arun\images22\1l-Leopard-2-A7_jpg.rf.7c15c28f9c969be4ad99bc4dab224dd7.jpg</path>
	<source>
		<database>Unknown</database>
	</source>
	<size>
		<width>640</width>
		<height>640</height>
		<depth>3</depth>
	</size>
	<segmented>0</segmented>
	<object>
		<name>tank</name>
		<pose>Unspecified</pose>
		<truncated>0</truncated>
		<difficult>0</difficult>
		<bndbox>
			<xmin>73</xmin>
			<ymin>53</ymin>
			<xmax>609</xmax>
			<ymax>533</ymax>
		</bndbox>
	</object>
</annotation>
