<annotation>
	<folder>images22</folder>
	<filename>1l-Leopard-2-A7_jpg.rf.6de92063e4eda441a49d05a84960f1b2.jpg</filename>
	<path>C:\Users\REKHA\Desktop\arun\images22\1l-Leopard-2-A7_jpg.rf.6de92063e4eda441a49d05a84960f1b2.jpg</path>
	<source>
		<database>Unknown</database>
	</source>
	<size>
		<width>640</width>
		<height>640</height>
		<depth>3</depth>
	</size>
	<segmented>0</segmented>
	<object>
		<name>tank</name>
		<pose>Unspecified</pose>
		<truncated>0</truncated>
		<difficult>0</difficult>
		<bndbox>
			<xmin>82</xmin>
			<ymin>18</ymin>
			<xmax>607</xmax>
			<ymax>512</ymax>
		</bndbox>
	</object>
</annotation>
