<annotation>
	<folder>images22</folder>
	<filename>1l-Leopard-2-A7_jpg.rf.f5b00650d678e9c54c8aecd0c25559f3.jpg</filename>
	<path>C:\Users\REKHA\Desktop\arun\images22\1l-Leopard-2-A7_jpg.rf.f5b00650d678e9c54c8aecd0c25559f3.jpg</path>
	<source>
		<database>Unknown</database>
	</source>
	<size>
		<width>640</width>
		<height>640</height>
		<depth>3</depth>
	</size>
	<segmented>0</segmented>
	<object>
		<name>tank</name>
		<pose>Unspecified</pose>
		<truncated>0</truncated>
		<difficult>0</difficult>
		<bndbox>
			<xmin>79</xmin>
			<ymin>21</ymin>
			<xmax>607</xmax>
			<ymax>510</ymax>
		</bndbox>
	</object>
</annotation>
