<annotation>
	<folder>images22</folder>
	<filename>1l-Leopard-2-A7_jpg.rf.c2b7c9a09d14d0a3333188d8c99eaf39.jpg</filename>
	<path>C:\Users\REKHA\Desktop\arun\images22\1l-Leopard-2-A7_jpg.rf.c2b7c9a09d14d0a3333188d8c99eaf39.jpg</path>
	<source>
		<database>Unknown</database>
	</source>
	<size>
		<width>600</width>
		<height>400</height>
		<depth>3</depth>
	</size>
	<segmented>0</segmented>
	<object>
		<name>tank</name>
		<pose>Unspecified</pose>
		<truncated>0</truncated>
		<difficult>0</difficult>
		<bndbox>
			<xmin>73</xmin>
			<ymin>12</ymin>
			<xmax>566</xmax>
			<ymax>340</ymax>
		</bndbox>
	</object>
</annotation>
