<annotation>
	<folder>images22</folder>
	<filename>1l-Leopard-2-A7_jpg.rf.4c568f28f02468424c1113a431f6e0f6.jpg</filename>
	<path>C:\Users\REKHA\Desktop\arun\images22\1l-Leopard-2-A7_jpg.rf.4c568f28f02468424c1113a431f6e0f6.jpg</path>
	<source>
		<database>Unknown</database>
	</source>
	<size>
		<width>640</width>
		<height>640</height>
		<depth>3</depth>
	</size>
	<segmented>0</segmented>
	<object>
		<name>tank</name>
		<pose>Unspecified</pose>
		<truncated>0</truncated>
		<difficult>0</difficult>
		<bndbox>
			<xmin>64</xmin>
			<ymin>22</ymin>
			<xmax>594</xmax>
			<ymax>533</ymax>
		</bndbox>
	</object>
</annotation>
