<annotation>
	<folder>images22</folder>
	<filename>1l-Leopard-2-A7_jpg.rf.c65539faa700b011ad24c5131d359f28.jpg</filename>
	<path>C:\Users\REKHA\Desktop\arun\images22\1l-Leopard-2-A7_jpg.rf.c65539faa700b011ad24c5131d359f28.jpg</path>
	<source>
		<database>Unknown</database>
	</source>
	<size>
		<width>640</width>
		<height>640</height>
		<depth>3</depth>
	</size>
	<segmented>0</segmented>
	<object>
		<name>tank</name>
		<pose>Unspecified</pose>
		<truncated>0</truncated>
		<difficult>0</difficult>
		<bndbox>
			<xmin>57</xmin>
			<ymin>20</ymin>
			<xmax>609</xmax>
			<ymax>509</ymax>
		</bndbox>
	</object>
</annotation>
